30 Day iTune Shuffle Challenge,1,0,,,,,
akutadashi's Fictember 2020,1,0,,,MIN,MEAN,MAX
AOD 2015 Fan Fiction Iron Chef,1,0,,1,0,0,0
Badwrong Weeks 2020,1,0,,2,0,2.75,23
Bishop Myriel Fundraiser Winter 2021-2022,1,0,,3,29,66.55555556,130
Community: 30randomkisses,1,0,,4,147,369.3947368,678
Community: 5_nevers,1,0,,5,718,1531.65,3024
Community: bbcland,1,0,,6,3750,8569.153846,15841
Community: cosasdemayores,1,0,,7,26492,48208.3,79867
Community: death_bigbang,1,0,,8,115688,296591.6667,507929
Community: helpsomalia,1,0,,9,0,,0
Community: ineedmyfics,1,0,,10,0,,0
Community: itsproductivity,1,0,,,,,
Community: jump100,1,0,,,,,
Community: santa_smex,1,0,,,,,
Community: saying_yes_2010,1,0,,,,,
Community: tentinyfandoms,1,0,,,,,
Corner of Creation Discord Monthly Challenge February 2022: Happy Endings,1,0,,,,,
Crip Big Bang,1,0,,,,,
Dark Annie,1,0,,,,,
Day After Tomorrow Challenge,1,0,,,,,
Desi Source,1,0,,,,,
discokonomi's Sex Pollen Fest 2022,1,0,,,,,
Fragments of Sappho Challenge,1,0,,,,,
guywhodoesart's Janoiry Prompt List 2023,1,0,,,,,
Lypnepys 2022 | June Writing Challenge 2022,1,0,,,,,
magpie_fngrl's 2021 Summer Writin' Challenge,1,0,,,,,
31 Days of Rarepairs Challenge,2,0,,,,,
Ask-verse,2,23,,,,,
Bosnia,2,0,,,,,
Challenge: OTP Battle,2,21,,,,,
Community: 10iloveyou,2,0,,,,,
Community: 500themes,2,0,,,,,
Community: death_bingo,2,0,,,,,
Community: multifan_gift,2,0,,,,,
Community: prompt-in-a-box,2,0,,,,,
Episode: e063,2,0,,,,,
Episode: s17e02,2,0,,,,,
Family Fanfiction Indonesia | FamilyFI2019,2,0,,,,,
Lindsay Bashing,2,0,,,,,
Marimo,2,0,,,,,
Mentioned Niijima Sae,2,0,,,,,
Micro Pod Fest 2022,2,0,,,,,
Alpha Thomas,3,123,,,,,
Alternate Universe - Angels Are Known,3,60,,,,,
Animate Object,3,80,,,,,
Applied Phlebotinum,3,29,,,,,
Bongs,3,104,,,,,
Bring Back The Porn Challenge,3,59,,,,,
Cautionary Tale,3,65,,,,,
Challenge Accepted,3,81,,,,,
Community: 64damn_prompts,3,29,,,,,
Community: help_japan,3,85,,,,,
Community: smallfandomflsh,3,42,,,,,
Community: ushobwri,3,47,,,,,
Dick or Treat Fest,3,103,,,,,
Episode: e048,3,30,,,,,
Episode: e073,3,33,,,,,
Episode: s05e23,3,73,,,,,
Facebook: Keep Calm And Write Something,3,69,,,,,
First Born,3,43,,,,,
Fridge Logic,3,48,,,,,
Human Biology,3,130,,,,,
Laura Feels,3,43,,,,,
Middle East,3,101,,,,,
Old Souls,3,57,,,,,
Omnipotence,3,103,,,,,
Podfic Length: Over 20 Hours,3,66,,,,,
Poor Michael,3,42,,,,,
Post-Episode: s05e09,3,52,,,,,
1 Sentence Fiction,4,580,,,,,
Aliases,4,636,,,,,
Alternate Universe - American Revolution,4,509,,,,,
Antagonism,4,488,,,,,
Ascension,4,401,,,,,
Cabarets,4,151,,,,,
Career Change,4,300,,,,,
Christmas With Family,4,192,,,,,
Color Blindness,4,678,,,,,
Customer Service & Tech Support,4,333,,,,,
Environment,4,609,,,,,
Episode: s02e17,4,476,,,,,
Episode: s05e09,4,335,,,,,
Episode: s05e19,4,334,,,,,
Expanded Universe,4,289,,,,,
Facebook,4,383,,,,,
Festivids,4,497,,,,,
First Contact,4,394,,,,,
Frostbite,4,610,,,,,
Ice Cream Parlors,4,579,,,,,
Introversion,4,406,,,,,
Islamophobia,4,202,,,,,
Keyboard Smash,4,639,,,,,
Luxury,4,286,,,,,
Mayhem,4,350,,,,,
Memoirs,4,309,,,,,
Mission Related,4,169,,,,,
Modern Assassins,4,337,,,,,
Moose,4,173,,,,,
Murder Wives,4,270,,,,,
Norway (Country),4,170,,,,,
Paladins,4,390,,,,,
Parley,4,243,,,,,
Perfume,4,398,,,,,
Poor Tony,4,365,,,,,
POV Connor,4,235,,,,,
POV Darcy,4,174,,,,,
R&R,4,147,,,,,
Arcades,5,1327,,,,,
Crack and Angst,5,2310,,,,,
Early Days,5,737,,,,,
Episode: s01e03,5,2603,,,,,
Episode: s01e08,5,2048,,,,,
Episode: s03e09,5,833,,,,,
Episode: s03e15,5,833,,,,,
Everyone is Dead,5,1607,,,,,
Febuwhump,5,2564,,,,,
Heat Stroke,5,836,,,,,
Heteronormativity,5,1609,,,,,
House Cleaning,5,718,,,,,
Inspiration,5,953,,,,,
Interviews,5,3024,,,,,
Mind Meld,5,2230,,,,,
Nail Polish,5,1770,,,,,
Orcs,5,1268,,,,,
Parades,5,1395,,,,,
Partner Swapping,5,749,,,,,
Post-Magic Reveal,5,1219,,,,,
Acting,6,11382,,,,,
Age Play,6,15841,,,,,
Baristas,6,4938,,,,,
Bickering,6,11754,,,,,
Boypussy,6,6225,,,,,
Canon - Japanese,6,7431,,,,,
Cultural Differences,6,9063,,,,,
Embarrassment,6,13959,,,,,
Gangbang,6,11154,,,,,
Hiding,6,3750,,,,,
Hook-Up,6,5134,,,,,
Ocean,6,5350,,,,,
Paranoia,6,5418,,,,,
Aliens,7,30253,,,,,
Arguing,7,26492,,,,,
Coping,7,27688,,,,,
Crying,7,75546,,,,,
Dark Character,7,28950,,,,,
Heroes & Heroines,7,45451,,,,,
I'm Sorry,7,55672,,,,,
Misunderstandings,7,79867,,,,,
Poetry,7,51649,,,,,
Prompt Fill,7,60515,,,,,
Humor,8,507929,,,,,
Not Beta Read,8,266158,,,,,
Original Character(s),8,115688,,,,,
