Teen And Up Audiences,No Archive Warnings Apply,F/F,Super Dangan Ronpa 2,Mioda Ibuki/Tsumiki Mikan,Mioda Ibuki,Alternate Universe - Florist/Tattoo Artist,English,
,,,Dangan Ronpa - All Media Types,,Tsumiki Mikan,,,
,,,,,Hinata Hajime,,,
Teen And Up Audiences,No Archive Warnings Apply,M/M,Lord of the Rings - J. R. R. Tolkien,Erestor/Glorfindel,ERROR,Romance,English,
,,,,,,Games,,
Teen And Up Audiences,No Archive Warnings Apply,M/M,Septiplier - Fandom,Mark Fischbach/Sean McLoughlin,Mark Fischbach,Anti sort of,English,
,,,,Markiplier/Jacksepticeye,Sean McLoughlin,Antisepticeye Sean McLoughlin,,
,,,,,Jack Septiceye,but only kind of,,
,,,,,,its weird,,
,,,,,,just read it,,
General Audiences,No Archive Warnings Apply,F/F,Disney - All Media Types,Esméralda | Esmeralda/Jasmine (Disney),Esméralda | Esmeralda (HoND),Runaway,English,
,,,Aladdin (1992),,Jasmine (Disney),Freedom,,
,,,The Hunchback of Notre Dame (1996),,,,,
Teen And Up Audiences,Creator Chose Not To Use Archive Warnings,Gen,Uta no Prince-sama,Ittoki Otoya/Nanami Haruka,Ittoki Otoya,OtoHaru,English,
,No Archive Warnings Apply,F/M,,Ren Jinguji/Tomochika Shibuya,Nanami Haruka,,,
,,,,,Ichinose Tokiya,,,
,,,,,Jinguuji Ren,,,
,,,,,Shibuya Tomochika,,,
,,,,,Kurusu Shou,,,
,,,,,Tsukimiya Ringo,,,
,,,,,Shinomiya Natsuki,,,
,,,,,Hijirikawa Masato,,,
,,,,,Hyuuga Ryuya,,,
,,,,,Aijima Cecil,,,
,,,,,Mikaze Ai,,,
,,,,,Kotobuki Reiji,,,
,,,,,Kurosaki Ranmaru,,,
,,,,,Camus (Uta no Prince-sama),,,
,,,,,Saotome Shining,,,
Teen And Up Audiences,No Archive Warnings Apply,M/M,Phandom/The Fantastic Foursome (YouTube RPF),Dan Howell/Phil Lester,ERROR,Alternate Universe - College/University,English,
,,,,,,writer!Dan,,
,,,,,,artist!Phil,,
,,,,,,Writer Dan - Freeform,,
,,,,,,Artist Phil Lester,,
,,,,,,Writer Dan Howell,,
,,,,,,Fluff,,
,,,,,,Poetic,,
,,,,,,Drabble,,
,,,,,,fic every day in june 2017,,
